identifier,logit_0,logit_1,logit_2,logit_3,logit_4
000001_1,-1.3998074531555176,-0.9713647961616516,-0.9713647961616516,-0.9056362509727478,-0.9056362509727478
